在,一,件,“,杀,妻,案,”,的,背,后
切,尔,诺,贝,利,（,二,）
切,尔,诺,贝,利,（,一,）
大,阪,民,宿,分,尸,案
今,天,我,们,来,聊,聊,“,诅,咒,”
世,越,号,之,谜,（,终,）,惩,罚,，,与,更,多,的,罪,恶
世,越,号,之,谜,（,十,）,是,什,么,将,我,们,分,离,？
世,越,号,之,谜,（,九,）,朴,槿,惠,，,消,失,的,七,小,时
世,越,号,之,谜,（,八,）,官,僚,们,的,表,演
世,越,号,之,谜,（,七,）,牺,牲,的,人,们,，,和,幸,存,的,人,们
世,越,号,之,谜,（,六,）,最,后,的,逃,生,机,会
世,越,号,之,谜,（,五,）,《,那,天,大,海,》,说,的,是,真,的,吗,？
世,越,号,之,谜,（,四,）,失,控,的,世,越,，,失,控,的,船,长
世,越,号,之,谜,（,三,）,悲,剧,的,种,子,其,实,早,已,种,下
世,越,号,之,谜,（,二,）,邪,教,教,主,们,的,狂,欢
世,越,号,之,谜,（,一,）,“,复,活,教,主,”,？,别,胡,扯,了
发,生,在,情,人,节,的,一,起,凶,案
一,锅,剧,毒,咖,喱,饭,，,全,村,中,毒,（,下,）
一,锅,剧,毒,咖,喱,饭,，,全,村,中,毒,（,上,）
4,0,0,0,名,女,伴,，,3,0,亿,资,产,，,一,名,富,豪,的,神,秘,死,亡,（,下,）
4,0,0,0,名,女,伴,，,3,0,亿,资,产,，,一,名,富,豪,的,神,秘,死,亡,（,上,）
世,田,谷,一,家,灭,门,悬,案,（,四,）,求,解
世,田,谷,一,家,灭,门,悬,案,（,三,）,影,子
世,田,谷,一,家,灭,门,悬,案,（,二,）,迷,宫
世,田,谷,一,家,灭,门,悬,案,（,一,）,凶,案
前,田,所,长,的,周,末,爱,好
温,泉,里,的,桑,拿,浴
宫,崎,勤,事,件,（,下,）
宫,崎,勤,事,件,（,中,）
「,一,点,物,」,1,2,月,个,展,介,绍,：,多,田,佳,豫
宫,崎,勤,事,件,（,上,）
为,什,么,她,的,孩,子,总,生,病,？,—,—, ,有,关,代,理,型,孟,乔,森,综,合,症
你,身,边,那,个,天,天,说,自,己,难,受,的,人,，,可,能,得,的,是,心,病
「,野,兽,应,该,有,人,权,吗,」
我,曾,经,以,为,在,日,本,吃,担,担,面,，,是,一,种,错,误
靖,国,神,社,宫,司,被,免,职,，,原,因,是,批,判,天,皇
我,们,应,当,如,何,分,析,犯,罪,者,？
被,杀,害,的,天,使,们,（,五,）,大,阪,与,南,京,，,四,具,童,尸
被,杀,害,的,天,使,们,（,四,）,—, ,无,人,知,晓
被,杀,害,的,天,使,们,（,二,）
